<configuration>

    <appender name="Console" class="ch.qos.logback.core.ConsoleAppender">
        <encoder>
            <pattern>%d{HH:mm:ss:SSS} [%t] %-5level %logger{36} - %msg%n</pattern>
        </encoder>
    </appender>

    <appender name="File" class="ch.qos.logback.core.FileAppender">
        <file>D:/GDSE 68/Second Semester/AAD/Crop_Monitoring_System-Backend/app.log</file>
        <append>true</append>
        <encoder>
            <pattern>%d{HH:mm:ss:SSS} [%t] %-5level %logger{36} - %msg%n</pattern>
        </encoder>
    </appender>

    <root level="ERROR">
        <appender-ref ref="Console"/>
        <appender-ref ref="File"/>
    </root>

    <logger name="lk.ijse.crop_monitoring_systembackend" level="INFO" additivity="false">
        <appender-ref ref="Console"/>
        <appender-ref ref="File"/>
    </logger>

</configuration>